-- Players
INSERT INTO player (created_at, elo, steam_id, username)
VALUES ('2025-01-01 18:00:00', 1000, '76561198090941991', 'Player1'),
       ('2025-01-01 18:00:00', 1000, '76561198090941992', 'Player2'),
       ('2025-01-01 18:00:00', 1000, '76561198090941993', 'Player3'),
       ('2025-01-01 18:00:00', 1000, '76561198090941994', 'Player4'),
       ('2025-01-01 18:00:00', 1000, '76561198090941995', 'Player5'),
       ('2025-01-01 18:00:00', 1000, '76561198090941996', 'Player6'),
       ('2025-01-01 18:00:00', 1000, '76561198090941997', 'Player7'),
       ('2025-01-01 18:00:00', 1000, '76561198090941998', 'Player8'),
       ('2025-01-01 18:00:00', 1000, '76561198090941999', 'Player9'),
       ('2025-01-01 18:00:00', 1000, '76561198090941990', 'Player10');

-- Adding seasons
INSERT INTO season (id, name, start_date, end_date, status)
VALUES ('f8c3de3d-1fea-4d7c-a8b0-29f63c4c3454', 'Season 1', '2025-01-02', '2025-01-03', 0);

-- Adding teams
INSERT INTO team (team_id, name, season_id, captain_id)
VALUES ('f8c3de3d-1fea-4d7c-a8b0-29f63c4c1111', '4 Feeders and Bajan', 'f8c3de3d-1fea-4d7c-a8b0-29f63c4c3454',
        '76561198090941995'),
       ('f8c3de3d-1fea-4d7c-a8b0-29f63c4c1112', 'The Goo Crew', 'f8c3de3d-1fea-4d7c-a8b0-29f63c4c3454',
        '76561198090941997');

-- Matches
INSERT INTO matches (match_id, season_id, match_type, status, scheduled_time, played_time, match_winner, avg_elo)
VALUES ('8652158440', 'f8c3de3d-1fea-4d7c-a8b0-29f63c4c3454', 1, 2, '2025-01-02 18:00:00', '2025-01-02 18:05:00', 0,
        1000),
       ('8652158441', 'f8c3de3d-1fea-4d7c-a8b0-29f63c4c3454', 1, 2, '2025-01-03 18:00:00', '2025-01-03 18:05:00', 1,
        1025);

-- Match participations (player on winning side for matches 1,2,3,5 - losing match 4)
INSERT INTO match_participant (match_id, player_id, side, is_sub)
VALUES ('8652158440', '76561198090941991', 0, false),
       ('8652158440', '76561198090941992', 0, false),
       ('8652158440', '76561198090941993', 0, false),
       ('8652158440', '76561198090941994', 0, false),
       ('8652158440', '76561198090941995', 0, false),
       ('8652158440', '76561198090941996', 1, false),
       ('8652158440', '76561198090941997', 1, false),
       ('8652158440', '76561198090941998', 1, false),
       ('8652158440', '76561198090941999', 1, false),
       ('8652158440', '76561198090941990', 1, false),
       ('8652158441', '76561198090941991', 0, false),
       ('8652158441', '76561198090941992', 0, false),
       ('8652158441', '76561198090941993', 0, false),
       ('8652158441', '76561198090941994', 0, false),
       ('8652158441', '76561198090941995', 0, false),
       ('8652158441', '76561198090941996', 1, false),
       ('8652158441', '76561198090941997', 1, false),
       ('8652158441', '76561198090941998', 1, false),
       ('8652158441', '76561198090941999', 1, false),
       ('8652158441', '76561198090941990', 1, false);


-- Elo history for each match
INSERT INTO elo_history (player_id, match_id, elo, elo_change, timestamp, reason)
VALUES ('76561198090941991', '8652158440', 1025, 25, '2025-01-02 18:05:00', 0),
       ('76561198090941992', '8652158440', 1025, 25, '2025-01-02 18:05:00', 0),
       ('76561198090941993', '8652158440', 1025, 25, '2025-01-02 18:05:00', 0),
       ('76561198090941994', '8652158440', 1025, 25, '2025-01-02 18:05:00', 0),
       ('76561198090941995', '8652158440', 1025, 25, '2025-01-02 18:05:00', 0),
       ('76561198090941996', '8652158440', 975, -25, '2025-01-02 18:05:00', 1),
       ('76561198090941997', '8652158440', 975, -25, '2025-01-02 18:05:00', 1),
       ('76561198090941998', '8652158440', 975, -25, '2025-01-02 18:05:00', 1),
       ('76561198090941999', '8652158440', 975, -25, '2025-01-02 18:05:00', 1),
       ('76561198090941990', '8652158440', 975, -25, '2025-01-02 18:05:00', 1),
       -- Match 2: Dire wins (Players 1-5 lose, Players 6-10 win)
       ('76561198090941991', '8652158441', 1000, -25, '2025-01-03 18:05:00', 1),
       ('76561198090941992', '8652158441', 1000, -25, '2025-01-03 18:05:00', 1),
       ('76561198090941993', '8652158441', 1000, -25, '2025-01-03 18:05:00', 1),
       ('76561198090941994', '8652158441', 1000, -25, '2025-01-03 18:05:00', 1),
       ('76561198090941995', '8652158441', 1000, -25, '2025-01-03 18:05:00', 1),
       ('76561198090941996', '8652158441', 1000, 25, '2025-01-03 18:05:00', 0),
       ('76561198090941997', '8652158441', 1000, 25, '2025-01-03 18:05:00', 0),
       ('76561198090941998', '8652158441', 1000, 25, '2025-01-03 18:05:00', 0),
       ('76561198090941999', '8652158441', 1000, 25, '2025-01-03 18:05:00', 0),
       ('76561198090941990', '8652158441', 1000, 25, '2025-01-03 18:05:00', 0);

