-- Players
INSERT INTO player (created_at, elo, steam_id, username)
VALUES ('2025-01-01 18:00:00', 1973, '76561198090941991', 'Moose'),
       ('2025-01-01 18:00:00', 1423, '76561198090941992', 'Jerry'),
       ('2025-01-01 18:00:00', 2312, '76561198090941993', 'MattMelon'),
       ('2025-01-01 18:00:00', 2100, '76561198090941994', 'Andrew C'),
       ('2025-01-01 18:00:00', 1960, '76561198090941995', 'ITWINETOAD'),
       ('2025-01-01 18:00:00', 2030, '76561198090941996', 'EdgarAF'),
       ('2025-01-01 18:00:00', 1714, '76561198090941997', 'MeanyGreeny'),
       ('2025-01-01 18:00:00', 1567, '76561198090941998', 'Lacanos'),
       ('2025-01-01 18:00:00', 1845, '76561198090941999', 'JPK'),
       ('2025-01-01 18:00:00', 1695, '76561198090941990', 'LightOfSeven');

-- Adding seasons
INSERT INTO season (id, name, start_date, end_date, status)
VALUES ('f8c3de3d-1fea-4d7c-a8b0-29f63c4c3454', 'Season 1', '2025-01-02', '2025-01-03', 0);

-- Adding teams
INSERT INTO team (team_id, name, season_id, captain_id)
VALUES ('f8c3de3d-1fea-4d7c-a8b0-29f63c4c1111', '4 Feeders and Bajan', 'f8c3de3d-1fea-4d7c-a8b0-29f63c4c3454',
        '76561198090941995'),
       ('f8c3de3d-1fea-4d7c-a8b0-29f63c4c1112', 'The Goo Crew', 'f8c3de3d-1fea-4d7c-a8b0-29f63c4c3454',
        '76561198090941997');

-- Matches
INSERT INTO matches (match_id, season_id, match_type, status, scheduled_time, played_time, match_winner)
VALUES ('8652158440', 'f8c3de3d-1fea-4d7c-a8b0-29f63c4c3454', 1, 2, '2025-01-02 18:00:00', '2025-01-02 18:05:00', 0),
       ('8652158441', 'f8c3de3d-1fea-4d7c-a8b0-29f63c4c3454', 1, 2, '2025-01-03 18:00:00', '2025-01-03 18:05:00', 1),
       ('8652158442', 'f8c3de3d-1fea-4d7c-a8b0-29f63c4c3454', 1, 2, '2025-01-03 18:00:00', '2025-01-03 18:05:00', 1),
       ('8652158443', 'f8c3de3d-1fea-4d7c-a8b0-29f63c4c3454', 1, 2, '2025-01-03 18:00:00', '2025-01-03 18:05:00', 1),
       ('8652158444', 'f8c3de3d-1fea-4d7c-a8b0-29f63c4c3454', 1, 2, '2025-01-03 18:00:00', '2025-01-03 18:05:00', 1),
       ('8652158445', 'f8c3de3d-1fea-4d7c-a8b0-29f63c4c3454', 1, 2, '2025-01-03 18:00:00', '2025-01-03 18:05:00', 1),
       ('8652158446', 'f8c3de3d-1fea-4d7c-a8b0-29f63c4c3454', 1, 2, '2025-01-03 18:00:00', '2025-01-03 18:05:00', 1),
       ('8652158447', 'f8c3de3d-1fea-4d7c-a8b0-29f63c4c3454', 1, 2, '2025-01-03 18:00:00', '2025-01-03 18:05:00', 1),
       ('8652158448', 'f8c3de3d-1fea-4d7c-a8b0-29f63c4c3454', 1, 2, '2025-01-03 18:00:00', '2025-01-03 18:05:00', 1),
       ('8652158449', NULL, 0, 2, NULL, '2025-01-06 19:00:00', 0),
       ('8652158450', NULL, 0, 2, NULL, '2025-01-07 20:00:00', 1),
       ('8652158451', NULL, 0, 2, NULL, '2025-01-08 18:30:00', 0),
       ('8652158452', NULL, 0, 2, NULL, '2025-01-09 21:00:00', 1),
       ('8652158453', NULL, 0, 2, NULL, '2025-01-10 19:30:00', 0),
       ('8652158454', NULL, 0, 2, NULL, '2025-01-11 20:00:00', 0),
       ('8652158455', NULL, 0, 2, NULL, '2025-01-12 18:00:00', 1),
       ('8652158456', NULL, 0, 2, NULL, '2025-01-13 19:00:00', 0),
       ('8652158457', NULL, 0, 2, NULL, '2025-01-14 20:30:00', 1),
       ('8652158458', NULL, 0, 2, NULL, '2025-01-15 21:00:00', 0),
       ('8652158459', NULL, 0, 2, NULL, '2025-01-16 19:00:00', 1),
       ('8652158460', NULL, 0, 2, NULL, '2025-01-17 20:00:00', 0),
       ('8652158461', NULL, 0, 2, NULL, '2025-01-18 18:30:00', 0),
       ('8652158462', NULL, 0, 2, NULL, '2025-01-19 19:00:00', 1),
       ('8652158463', NULL, 0, 2, NULL, '2025-01-20 20:00:00', 0),
       ('8652158464', NULL, 0, 2, NULL, '2025-01-21 21:00:00', 1),
       ('8652158465', NULL, 0, 2, NULL, '2025-01-22 19:30:00', 0),
       ('8652158466', NULL, 0, 2, NULL, '2025-01-23 20:00:00', 1),
       ('8652158467', NULL, 0, 2, NULL, '2025-01-24 18:00:00', 0),
       ('8652158468', NULL, 0, 2, NULL, '2025-01-25 19:00:00', 1);

-- Match participations (player on winning side for matches 1,2,3,5 - losing match 4)
INSERT INTO match_participant (match_id, player_id, side, is_sub)
VALUES ('8652158440', '76561198090941991', 0, false),
       ('8652158440', '76561198090941992', 0, false),
       ('8652158440', '76561198090941993', 0, false),
       ('8652158440', '76561198090941994', 0, false),
       ('8652158440', '76561198090941995', 0, false),
       ('8652158440', '76561198090941996', 1, false),
       ('8652158440', '76561198090941997', 1, false),
       ('8652158440', '76561198090941998', 1, false),
       ('8652158440', '76561198090941999', 1, false),
       ('8652158440', '76561198090941990', 1, false),
       ('8652158441', '76561198090941991', 0, false),
       ('8652158441', '76561198090941992', 0, false),
       ('8652158441', '76561198090941993', 0, false),
       ('8652158441', '76561198090941994', 0, false),
       ('8652158441', '76561198090941995', 0, false),
       ('8652158441', '76561198090941996', 1, false),
       ('8652158441', '76561198090941997', 1, false),
       ('8652158441', '76561198090941998', 1, false),
       ('8652158441', '76561198090941999', 1, false),
       ('8652158441', '76561198090941990', 1, false),
       -- Match 49: Radiant wins (Moose, MattMelon, ITWINETOAD, MeanyGreeny, JPK vs Jerry, Andrew C, EdgarAF, Lacanos, LightOfSeven)
       ('8652158449', '76561198090941991', 0, false),
       ('8652158449', '76561198090941993', 0, false),
       ('8652158449', '76561198090941995', 0, false),
       ('8652158449', '76561198090941997', 0, false),
       ('8652158449', '76561198090941999', 0, false),
       ('8652158449', '76561198090941992', 1, false),
       ('8652158449', '76561198090941994', 1, false),
       ('8652158449', '76561198090941996', 1, false),
       ('8652158449', '76561198090941998', 1, false),
       ('8652158449', '76561198090941990', 1, false),
       -- Match 50: Dire wins (Jerry, MattMelon, EdgarAF, Lacanos, JPK vs Moose, Andrew C, ITWINETOAD, MeanyGreeny, LightOfSeven)
       ('8652158450', '76561198090941992', 0, false),
       ('8652158450', '76561198090941993', 0, false),
       ('8652158450', '76561198090941996', 0, false),
       ('8652158450', '76561198090941998', 0, false),
       ('8652158450', '76561198090941999', 0, false),
       ('8652158450', '76561198090941991', 1, false),
       ('8652158450', '76561198090941994', 1, false),
       ('8652158450', '76561198090941995', 1, false),
       ('8652158450', '76561198090941997', 1, false),
       ('8652158450', '76561198090941990', 1, false),
       -- Match 51: Radiant wins (Moose, Jerry, Andrew C, EdgarAF, LightOfSeven vs MattMelon, ITWINETOAD, MeanyGreeny, Lacanos, JPK)
       ('8652158451', '76561198090941991', 0, false),
       ('8652158451', '76561198090941992', 0, false),
       ('8652158451', '76561198090941994', 0, false),
       ('8652158451', '76561198090941996', 0, false),
       ('8652158451', '76561198090941990', 0, false),
       ('8652158451', '76561198090941993', 1, false),
       ('8652158451', '76561198090941995', 1, false),
       ('8652158451', '76561198090941997', 1, false),
       ('8652158451', '76561198090941998', 1, false),
       ('8652158451', '76561198090941999', 1, false),
       -- Match 52: Dire wins (MattMelon, Andrew C, ITWINETOAD, Lacanos, LightOfSeven vs Moose, Jerry, EdgarAF, MeanyGreeny, JPK)
       ('8652158452', '76561198090941993', 0, false),
       ('8652158452', '76561198090941994', 0, false),
       ('8652158452', '76561198090941995', 0, false),
       ('8652158452', '76561198090941998', 0, false),
       ('8652158452', '76561198090941990', 0, false),
       ('8652158452', '76561198090941991', 1, false),
       ('8652158452', '76561198090941992', 1, false),
       ('8652158452', '76561198090941996', 1, false),
       ('8652158452', '76561198090941997', 1, false),
       ('8652158452', '76561198090941999', 1, false),
       -- Match 53: Radiant wins (Moose, MattMelon, EdgarAF, Lacanos, JPK vs Jerry, Andrew C, ITWINETOAD, MeanyGreeny, LightOfSeven)
       ('8652158453', '76561198090941991', 0, false),
       ('8652158453', '76561198090941993', 0, false),
       ('8652158453', '76561198090941996', 0, false),
       ('8652158453', '76561198090941998', 0, false),
       ('8652158453', '76561198090941999', 0, false),
       ('8652158453', '76561198090941992', 1, false),
       ('8652158453', '76561198090941994', 1, false),
       ('8652158453', '76561198090941995', 1, false),
       ('8652158453', '76561198090941997', 1, false),
       ('8652158453', '76561198090941990', 1, false),
       -- Match 54: Radiant wins (Jerry, ITWINETOAD, EdgarAF, MeanyGreeny, LightOfSeven vs Moose, MattMelon, Andrew C, Lacanos, JPK)
       ('8652158454', '76561198090941992', 0, false),
       ('8652158454', '76561198090941995', 0, false),
       ('8652158454', '76561198090941996', 0, false),
       ('8652158454', '76561198090941997', 0, false),
       ('8652158454', '76561198090941990', 0, false),
       ('8652158454', '76561198090941991', 1, false),
       ('8652158454', '76561198090941993', 1, false),
       ('8652158454', '76561198090941994', 1, false),
       ('8652158454', '76561198090941998', 1, false),
       ('8652158454', '76561198090941999', 1, false),
       -- Match 55: Dire wins (Moose, Andrew C, MeanyGreeny, Lacanos, JPK vs Jerry, MattMelon, ITWINETOAD, EdgarAF, LightOfSeven)
       ('8652158455', '76561198090941991', 0, false),
       ('8652158455', '76561198090941994', 0, false),
       ('8652158455', '76561198090941997', 0, false),
       ('8652158455', '76561198090941998', 0, false),
       ('8652158455', '76561198090941999', 0, false),
       ('8652158455', '76561198090941992', 1, false),
       ('8652158455', '76561198090941993', 1, false),
       ('8652158455', '76561198090941995', 1, false),
       ('8652158455', '76561198090941996', 1, false),
       ('8652158455', '76561198090941990', 1, false),
       -- Match 56: Radiant wins (MattMelon, ITWINETOAD, MeanyGreeny, JPK, LightOfSeven vs Moose, Jerry, Andrew C, EdgarAF, Lacanos)
       ('8652158456', '76561198090941993', 0, false),
       ('8652158456', '76561198090941995', 0, false),
       ('8652158456', '76561198090941997', 0, false),
       ('8652158456', '76561198090941999', 0, false),
       ('8652158456', '76561198090941990', 0, false),
       ('8652158456', '76561198090941991', 1, false),
       ('8652158456', '76561198090941992', 1, false),
       ('8652158456', '76561198090941994', 1, false),
       ('8652158456', '76561198090941996', 1, false),
       ('8652158456', '76561198090941998', 1, false),
       -- Match 57: Dire wins (Moose, Jerry, ITWINETOAD, EdgarAF, JPK vs MattMelon, Andrew C, MeanyGreeny, Lacanos, LightOfSeven)
       ('8652158457', '76561198090941991', 0, false),
       ('8652158457', '76561198090941992', 0, false),
       ('8652158457', '76561198090941995', 0, false),
       ('8652158457', '76561198090941996', 0, false),
       ('8652158457', '76561198090941999', 0, false),
       ('8652158457', '76561198090941993', 1, false),
       ('8652158457', '76561198090941994', 1, false),
       ('8652158457', '76561198090941997', 1, false),
       ('8652158457', '76561198090941998', 1, false),
       ('8652158457', '76561198090941990', 1, false),
       -- Match 58: Radiant wins (Moose, MattMelon, Andrew C, MeanyGreeny, LightOfSeven vs Jerry, ITWINETOAD, EdgarAF, Lacanos, JPK)
       ('8652158458', '76561198090941991', 0, false),
       ('8652158458', '76561198090941993', 0, false),
       ('8652158458', '76561198090941994', 0, false),
       ('8652158458', '76561198090941997', 0, false),
       ('8652158458', '76561198090941990', 0, false),
       ('8652158458', '76561198090941992', 1, false),
       ('8652158458', '76561198090941995', 1, false),
       ('8652158458', '76561198090941996', 1, false),
       ('8652158458', '76561198090941998', 1, false),
       ('8652158458', '76561198090941999', 1, false),
       -- Match 59: Dire wins (Jerry, MattMelon, ITWINETOAD, Lacanos, LightOfSeven vs Moose, Andrew C, EdgarAF, MeanyGreeny, JPK)
       ('8652158459', '76561198090941992', 0, false),
       ('8652158459', '76561198090941993', 0, false),
       ('8652158459', '76561198090941995', 0, false),
       ('8652158459', '76561198090941998', 0, false),
       ('8652158459', '76561198090941990', 0, false),
       ('8652158459', '76561198090941991', 1, false),
       ('8652158459', '76561198090941994', 1, false),
       ('8652158459', '76561198090941996', 1, false),
       ('8652158459', '76561198090941997', 1, false),
       ('8652158459', '76561198090941999', 1, false),
       -- Match 60: Radiant wins (Moose, Jerry, MattMelon, EdgarAF, Lacanos vs Andrew C, ITWINETOAD, MeanyGreeny, JPK, LightOfSeven)
       ('8652158460', '76561198090941991', 0, false),
       ('8652158460', '76561198090941992', 0, false),
       ('8652158460', '76561198090941993', 0, false),
       ('8652158460', '76561198090941996', 0, false),
       ('8652158460', '76561198090941998', 0, false),
       ('8652158460', '76561198090941994', 1, false),
       ('8652158460', '76561198090941995', 1, false),
       ('8652158460', '76561198090941997', 1, false),
       ('8652158460', '76561198090941999', 1, false),
       ('8652158460', '76561198090941990', 1, false),
       -- Match 61: Radiant wins (Andrew C, ITWINETOAD, EdgarAF, JPK, LightOfSeven vs Moose, Jerry, MattMelon, MeanyGreeny, Lacanos)
       ('8652158461', '76561198090941994', 0, false),
       ('8652158461', '76561198090941995', 0, false),
       ('8652158461', '76561198090941996', 0, false),
       ('8652158461', '76561198090941999', 0, false),
       ('8652158461', '76561198090941990', 0, false),
       ('8652158461', '76561198090941991', 1, false),
       ('8652158461', '76561198090941992', 1, false),
       ('8652158461', '76561198090941993', 1, false),
       ('8652158461', '76561198090941997', 1, false),
       ('8652158461', '76561198090941998', 1, false),
       -- Match 62: Dire wins (Moose, MattMelon, ITWINETOAD, MeanyGreeny, Lacanos vs Jerry, Andrew C, EdgarAF, JPK, LightOfSeven)
       ('8652158462', '76561198090941991', 0, false),
       ('8652158462', '76561198090941993', 0, false),
       ('8652158462', '76561198090941995', 0, false),
       ('8652158462', '76561198090941997', 0, false),
       ('8652158462', '76561198090941998', 0, false),
       ('8652158462', '76561198090941992', 1, false),
       ('8652158462', '76561198090941994', 1, false),
       ('8652158462', '76561198090941996', 1, false),
       ('8652158462', '76561198090941999', 1, false),
       ('8652158462', '76561198090941990', 1, false),
       -- Match 63: Radiant wins (Jerry, Andrew C, MeanyGreeny, Lacanos, JPK vs Moose, MattMelon, ITWINETOAD, EdgarAF, LightOfSeven)
       ('8652158463', '76561198090941992', 0, false),
       ('8652158463', '76561198090941994', 0, false),
       ('8652158463', '76561198090941997', 0, false),
       ('8652158463', '76561198090941998', 0, false),
       ('8652158463', '76561198090941999', 0, false),
       ('8652158463', '76561198090941991', 1, false),
       ('8652158463', '76561198090941993', 1, false),
       ('8652158463', '76561198090941995', 1, false),
       ('8652158463', '76561198090941996', 1, false),
       ('8652158463', '76561198090941990', 1, false),
       -- Match 64: Dire wins (MattMelon, EdgarAF, MeanyGreeny, JPK, LightOfSeven vs Moose, Jerry, Andrew C, ITWINETOAD, Lacanos)
       ('8652158464', '76561198090941993', 0, false),
       ('8652158464', '76561198090941996', 0, false),
       ('8652158464', '76561198090941997', 0, false),
       ('8652158464', '76561198090941999', 0, false),
       ('8652158464', '76561198090941990', 0, false),
       ('8652158464', '76561198090941991', 1, false),
       ('8652158464', '76561198090941992', 1, false),
       ('8652158464', '76561198090941994', 1, false),
       ('8652158464', '76561198090941995', 1, false),
       ('8652158464', '76561198090941998', 1, false),
       -- Match 65: Radiant wins (Moose, Jerry, EdgarAF, Lacanos, LightOfSeven vs MattMelon, Andrew C, ITWINETOAD, MeanyGreeny, JPK)
       ('8652158465', '76561198090941991', 0, false),
       ('8652158465', '76561198090941992', 0, false),
       ('8652158465', '76561198090941996', 0, false),
       ('8652158465', '76561198090941998', 0, false),
       ('8652158465', '76561198090941990', 0, false),
       ('8652158465', '76561198090941993', 1, false),
       ('8652158465', '76561198090941994', 1, false),
       ('8652158465', '76561198090941995', 1, false),
       ('8652158465', '76561198090941997', 1, false),
       ('8652158465', '76561198090941999', 1, false),
       -- Match 66: Dire wins (Moose, Andrew C, ITWINETOAD, JPK, LightOfSeven vs Jerry, MattMelon, EdgarAF, MeanyGreeny, Lacanos)
       ('8652158466', '76561198090941991', 0, false),
       ('8652158466', '76561198090941994', 0, false),
       ('8652158466', '76561198090941995', 0, false),
       ('8652158466', '76561198090941999', 0, false),
       ('8652158466', '76561198090941990', 0, false),
       ('8652158466', '76561198090941992', 1, false),
       ('8652158466', '76561198090941993', 1, false),
       ('8652158466', '76561198090941996', 1, false),
       ('8652158466', '76561198090941997', 1, false),
       ('8652158466', '76561198090941998', 1, false),
       -- Match 67: Radiant wins (Jerry, MattMelon, Andrew C, EdgarAF, JPK vs Moose, ITWINETOAD, MeanyGreeny, Lacanos, LightOfSeven)
       ('8652158467', '76561198090941992', 0, false),
       ('8652158467', '76561198090941993', 0, false),
       ('8652158467', '76561198090941994', 0, false),
       ('8652158467', '76561198090941996', 0, false),
       ('8652158467', '76561198090941999', 0, false),
       ('8652158467', '76561198090941991', 1, false),
       ('8652158467', '76561198090941995', 1, false),
       ('8652158467', '76561198090941997', 1, false),
       ('8652158467', '76561198090941998', 1, false),
       ('8652158467', '76561198090941990', 1, false),
       -- Match 68: Dire wins (ITWINETOAD, EdgarAF, MeanyGreeny, Lacanos, LightOfSeven vs Moose, Jerry, MattMelon, Andrew C, JPK)
       ('8652158468', '76561198090941995', 0, false),
       ('8652158468', '76561198090941996', 0, false),
       ('8652158468', '76561198090941997', 0, false),
       ('8652158468', '76561198090941998', 0, false),
       ('8652158468', '76561198090941990', 0, false),
       ('8652158468', '76561198090941991', 1, false),
       ('8652158468', '76561198090941992', 1, false),
       ('8652158468', '76561198090941993', 1, false),
       ('8652158468', '76561198090941994', 1, false),
       ('8652158468', '76561198090941999', 1, false);


-- Elo history for each match
INSERT INTO elo_history (player_id, match_id, elo, elo_change, timestamp, reason)
VALUES
-- MATCH 1 (WIN: 91,92,93,94,95)
('76561198090941991','8652158440',1025,25,'2025-01-02 18:05:00',0),
('76561198090941992','8652158440',1025,25,'2025-01-02 18:05:00',0),
('76561198090941993','8652158440',1025,25,'2025-01-02 18:05:00',0),
('76561198090941994','8652158440',1025,25,'2025-01-02 18:05:00',0),
('76561198090941995','8652158440',1025,25,'2025-01-02 18:05:00',0),
('76561198090941996','8652158440',975,-25,'2025-01-02 18:05:00',1),
('76561198090941997','8652158440',975,-25,'2025-01-02 18:05:00',1),
('76561198090941998','8652158440',975,-25,'2025-01-02 18:05:00',1),
('76561198090941999','8652158440',975,-25,'2025-01-02 18:05:00',1),
('76561198090941990','8652158440',975,-25,'2025-01-02 18:05:00',1),

-- MATCH 2 (WIN: 93,94,95,99,90)
('76561198090941993','8652158441',1050,25,'2025-01-03 18:05:00',0),
('76561198090941994','8652158441',1050,25,'2025-01-03 18:05:00',0),
('76561198090941995','8652158441',1050,25,'2025-01-03 18:05:00',0),
('76561198090941999','8652158441',1000,25,'2025-01-03 18:05:00',0),
('76561198090941990','8652158441',1000,25,'2025-01-03 18:05:00',0),
('76561198090941991','8652158441',1000,-25,'2025-01-03 18:05:00',1),
('76561198090941992','8652158441',1000,-25,'2025-01-03 18:05:00',1),
('76561198090941996','8652158441',950,-25,'2025-01-03 18:05:00',1),
('76561198090941997','8652158441',950,-25,'2025-01-03 18:05:00',1),
('76561198090941998','8652158441',950,-25,'2025-01-03 18:05:00',1),

-- MATCH 3 (WIN: 91,93,95,97,99)
('76561198090941991','8652158442',1025,25,'2025-01-04 18:05:00',0),
('76561198090941993','8652158442',1075,25,'2025-01-04 18:05:00',0),
('76561198090941995','8652158442',1075,25,'2025-01-04 18:05:00',0),
('76561198090941997','8652158442',975,25,'2025-01-04 18:05:00',0),
('76561198090941999','8652158442',1025,25,'2025-01-04 18:05:00',0),
('76561198090941992','8652158442',975,-25,'2025-01-04 18:05:00',1),
('76561198090941994','8652158442',1025,-25,'2025-01-04 18:05:00',1),
('76561198090941996','8652158442',925,-25,'2025-01-04 18:05:00',1),
('76561198090941998','8652158442',925,-25,'2025-01-04 18:05:00',1),
('76561198090941990','8652158442',975,-25,'2025-01-04 18:05:00',1),

-- MATCH 4 (WIN: 91,94,95,97,98)
('76561198090941991','8652158443',1050,25,'2025-01-05 18:05:00',0),
('76561198090941994','8652158443',1050,25,'2025-01-05 18:05:00',0),
('76561198090941995','8652158443',1100,25,'2025-01-05 18:05:00',0),
('76561198090941997','8652158443',1000,25,'2025-01-05 18:05:00',0),
('76561198090941998','8652158443',950,25,'2025-01-05 18:05:00',0),
('76561198090941992','8652158443',950,-25,'2025-01-05 18:05:00',1),
('76561198090941993','8652158443',1050,-25,'2025-01-05 18:05:00',1),
('76561198090941996','8652158443',900,-25,'2025-01-05 18:05:00',1),
('76561198090941999','8652158443',1000,-25,'2025-01-05 18:05:00',1),
('76561198090941990','8652158443',950,-25,'2025-01-05 18:05:00',1);


